{
  "timestamp": "2026-03-26T21:04:55.587505",
  "models_trained": [
    "avg_latency",
    "avg_cpu_usage",
    "avg_memory_usage",
    "avg_queue_depth"
  ],
  "forecasts": {
    "avg_latency": {
      "predictions": [
        7786.283179192537,
        8593.403663451654,
        9400.524147710772,
        10207.644631969888,
        11014.765116229006
      ],
      "upper_bound": [
        10196.595096353773,
        10753.961970404369,
        11667.665528927462,
        12501.440574665512,
        13275.789569194329
      ],
      "lower_bound": [
        5310.282905294734,
        6431.343660181635,
        7098.359045384391,
        7890.575349467937,
        8684.803090029283
      ],
      "trend": [
        7786.283179192537,
        8593.403663451654,
        9400.524147710772,
        10207.644631969888,
        11014.765116229006
      ]
    },
    "avg_cpu_usage": {
      "predictions": [
        30.076880767835522,
        19.910455856479597,
        9.744030945123663,
        -0.4223939662322683,
        -10.588818877588201
      ],
      "upper_bound": [
        104.44706923092718,
        105.81708327882508,
        86.33077341465184,
        75.28542624110581,
        69.1661907970533
      ],
      "lower_bound": [
        -51.23860569435394,
        -61.80971718418722,
        -65.29591742477736,
        -83.29476062342891,
        -82.06456634478525
      ],
      "trend": [
        30.076880767835522,
        19.910455856479597,
        9.744030945123663,
        -0.4223939662322683,
        -10.588818877588201
      ]
    },
    "avg_memory_usage": {
      "predictions": [
        -2.6340744491920063,
        -30.64275139106719,
        -58.65142833294235,
        -86.66010527481758,
        -114.66878221669276
      ],
      "upper_bound": [
        47.8338931511501,
        17.568671972630035,
        -10.415063973813279,
        -37.09622748519375,
        -65.30101787620615
      ],
      "lower_bound": [
        -52.85734942259859,
        -78.10639733555354,
        -108.1234295268406,
        -138.2629633361777,
        -166.0628440092738
      ],
      "trend": [
        -2.6340744491920063,
        -30.64275139106719,
        -58.65142833294235,
        -86.66010527481758,
        -114.66878221669276
      ]
    },
    "avg_queue_depth": {
      "predictions": [
        162.7394488766426,
        120.79627274607277,
        78.85309661550293,
        36.909920484933075,
        -5.033255645636794
      ],
      "upper_bound": [
        657.1411590759001,
        611.7541284641719,
        564.7515334972928,
        554.9531713236829,
        496.370188441932
      ],
      "lower_bound": [
        -338.6696267492748,
        -371.99729488113155,
        -425.8089155315018,
        -484.2463363460202,
        -501.02321665941196
      ],
      "trend": [
        162.7394488766426,
        120.79627274607277,
        78.85309661550293,
        36.909920484933075,
        -5.033255645636794
      ]
    }
  },
  "last_update": "2026-03-26T21:04:55.587548"
}